Region,GrossRevenue,Profit,Discount,Orders,Customers,ProfitMargin
Central,20797313.7785,11316467.4465,1046935.5615,46940,3111,0.5441312068964801
East,22104377.055,12001054.913,1112817.155,50074,3319,0.5429266286554485
South,18983740.518,10305265.774,968912.7119999999,43403,2899,0.5428469570698543
West,19385056.283,10551528.727,978347.0469999999,43958,2917,0.5443125143904438
